{"cameraMode":{"drawMode":0,"name":"Shaded","section":"Shading Mode"},"sceneLighting":false,"audioPlay":false,"sceneViewState":{"m_AlwaysRefresh":true,"showFog":true,"showSkybox":true,"showFlares":true,"showImageEffects":true,"showParticleSystems":true,"showVisualEffectGraphs":true,"m_FxEnabled":true},"in2DMode":false,"pivot":{"x":-7.621814250946045,"y":-3.494429111480713,"z":15.775434494018555},"rotation":{"x":0.09586410224437714,"y":-0.22525596618652345,"z":0.022197335958480836,"w":0.9693498015403748},"size":9.652023315429688,"orthographic":false}