{"cameraMode":{"drawMode":0,"name":"Shaded","section":"Shading Mode"},"sceneLighting":false,"audioPlay":false,"sceneViewState":{"m_AlwaysRefresh":true,"showFog":true,"showSkybox":true,"showFlares":true,"showImageEffects":true,"showParticleSystems":true,"showVisualEffectGraphs":true,"m_FxEnabled":true},"in2DMode":false,"pivot":{"x":4.712718486785889,"y":-8.618474960327149,"z":-1.5893707275390626},"rotation":{"x":-0.24952678382396699,"y":-0.7499627470970154,"z":0.41685596108436587,"w":-0.44893407821655276},"size":10.429705619812012,"orthographic":false}