{"cameraMode":{"drawMode":0,"name":"Shaded","section":"Shading Mode"},"sceneLighting":false,"audioPlay":false,"sceneViewState":{"m_AlwaysRefresh":true,"showFog":true,"showSkybox":true,"showFlares":true,"showImageEffects":true,"showParticleSystems":true,"showVisualEffectGraphs":true,"m_FxEnabled":true},"in2DMode":false,"pivot":{"x":39.79574203491211,"y":-21.314987182617189,"z":1.9488210678100587},"rotation":{"x":-0.18945446610450746,"y":-0.6587968468666077,"z":0.17671310901641847,"w":-0.7063358426094055},"size":22.718700408935548,"orthographic":false}