{"cameraMode":{"drawMode":0,"name":"Shaded","section":"Shading Mode"},"sceneLighting":false,"audioPlay":false,"sceneViewState":{"m_AlwaysRefresh":true,"showFog":true,"showSkybox":true,"showFlares":true,"showImageEffects":true,"showParticleSystems":true,"showVisualEffectGraphs":true,"m_FxEnabled":true},"in2DMode":false,"pivot":{"x":0.15167668461799622,"y":0.314665824174881,"z":-0.3824898898601532},"rotation":{"x":0.44083109498023989,"y":0.24569492042064668,"z":-0.12691758573055268,"w":0.8539673089981079},"size":6.688241958618164,"orthographic":false}