{"cameraMode":{"drawMode":0,"name":"Shaded","section":"Shading Mode"},"sceneLighting":false,"audioPlay":false,"sceneViewState":{"m_AlwaysRefresh":true,"showFog":true,"showSkybox":false,"showFlares":true,"showImageEffects":true,"showParticleSystems":true,"showVisualEffectGraphs":true,"m_FxEnabled":true},"in2DMode":false,"pivot":{"x":-1.0226125717163087,"y":0.4101080298423767,"z":-3.470759153366089},"rotation":{"x":-0.12826824188232423,"y":0.8553496599197388,"z":-0.4334790110588074,"w":-0.25310906767845156},"size":0.36390382051467898,"orthographic":false}