{"cameraMode":{"drawMode":0,"name":"Shaded","section":"Shading Mode"},"sceneLighting":false,"audioPlay":false,"sceneViewState":{"m_AlwaysRefresh":true,"showFog":true,"showSkybox":false,"showFlares":true,"showImageEffects":true,"showParticleSystems":true,"showVisualEffectGraphs":true,"m_FxEnabled":true},"in2DMode":false,"pivot":{"x":0.3141196668148041,"y":-0.18762733042240144,"z":0.06714992970228195},"rotation":{"x":-0.17105861008167268,"y":-0.4918246567249298,"z":0.09922178834676743,"w":-0.8479663729667664},"size":0.5932039022445679,"orthographic":false}