{"cameraMode":{"drawMode":0,"name":"Shaded","section":"Shading Mode"},"sceneLighting":false,"audioPlay":false,"sceneViewState":{"m_AlwaysRefresh":true,"showFog":true,"showSkybox":false,"showFlares":true,"showImageEffects":true,"showParticleSystems":true,"showVisualEffectGraphs":true,"m_FxEnabled":true},"in2DMode":false,"pivot":{"x":0.10211511701345444,"y":0.11495494842529297,"z":-0.03236312046647072},"rotation":{"x":-0.12826824188232423,"y":0.8553496599197388,"z":-0.4334790110588074,"w":-0.25310906767845156},"size":0.8107994198799133,"orthographic":false}